[
  {
    "created_at": "Fri Mar 02 01:31:14 +0000 2018",
    "id": 969384605466832900,
    "id_str": "969384605466832899",
    "text": "@BlackPantherNeo @kana_veil なんでそんなIDにしたん？",
    "truncated": false,
    "entities": {
      "hashtags": [],
      "symbols": [],
      "user_mentions": [
        {
          "screen_name": "BlackPantherNeo",
          "name": "ネオ",
          "id": 254558337,
          "id_str": "254558337",
          "indices": [
            0,
            16
          ]
        },
        {
          "screen_name": "kana_veil",
          "name": "アルコール15%🌙🌃コトノカナ",
          "id": 2489073973,
          "id_str": "2489073973",
          "indices": [
            17,
            27
          ]
        }
      ],
      "urls": []
    },
    "metadata": {
      "iso_language_code": "ja",
      "result_type": "recent"
    },
    "source": "<a href=\"http://twitter.com\" rel=\"nofollow\">Twitter Web Client</a>",
    "in_reply_to_status_id": 969384486310785000,
    "in_reply_to_status_id_str": "969384486310785024",
    "in_reply_to_user_id": 254558337,
    "in_reply_to_user_id_str": "254558337",
    "in_reply_to_screen_name": "BlackPantherNeo",
    "user": {
      "id": 736953426,
      "id_str": "736953426",
      "name": "まじかるドギ子＠おかまアマゾン",
      "screen_name": "magical_doggy",
      "location": "呪縛と救いのLabyrinth",
      "description": "20↑の初心者れいやーです！主な活動場所は日本！！イベントとか併せのお誘い待ってます٩(๑´0`๑)۶…とでも言うと思ったか！この雑種どもがァァァアア！！誕生日は年に4回くらいあるので嘘を嘘と見抜けない人は迂闊に祝わない方が良いです。",
      "url": null,
      "entities": {
        "description": {
          "urls": []
        }
      },
      "protected": false,
      "followers_count": 526,
      "friends_count": 462,
      "listed_count": 22,
      "created_at": "Sat Aug 04 15:51:35 +0000 2012",
      "favourites_count": 1198,
      "utc_offset": 32400,
      "time_zone": "Tokyo",
      "geo_enabled": false,
      "verified": false,
      "statuses_count": 105561,
      "lang": "ja",
      "contributors_enabled": false,
      "is_translator": false,
      "is_translation_enabled": false,
      "profile_background_color": "C0DEED",
      "profile_background_image_url": "http://pbs.twimg.com/profile_background_images/530543334154985472/E2lzheno.jpeg",
      "profile_background_image_url_https": "https://pbs.twimg.com/profile_background_images/530543334154985472/E2lzheno.jpeg",
      "profile_background_tile": true,
      "profile_image_url": "http://pbs.twimg.com/profile_images/921808952672755712/zAEeGl9R_normal.jpg",
      "profile_image_url_https": "https://pbs.twimg.com/profile_images/921808952672755712/zAEeGl9R_normal.jpg",
      "profile_banner_url": "https://pbs.twimg.com/profile_banners/736953426/1515477678",
      "profile_link_color": "E4007F",
      "profile_sidebar_border_color": "FFFFFF",
      "profile_sidebar_fill_color": "DDEEF6",
      "profile_text_color": "333333",
      "profile_use_background_image": true,
      "has_extended_profile": true,
      "default_profile": false,
      "default_profile_image": false,
      "following": null,
      "follow_request_sent": null,
      "notifications": null,
      "translator_type": "none"
    },
    "geo": null,
    "coordinates": null,
    "place": null,
    "contributors": null,
    "is_quote_status": false,
    "retweet_count": 0,
    "favorite_count": 0,
    "favorited": false,
    "retweeted": false,
    "lang": "ja"
  },
  {
    "created_at": "Fri Mar 02 01:31:06 +0000 2018",
    "id": 969384568162803700,
    "id_str": "969384568162803712",
    "text": "@salvinamusica @doncarlos_resto @LosResto Tienen doggy bag para el pollo a la calabresa o se lo van a comer todoo??",
    "truncated": false,
    "entities": {
      "hashtags": [],
      "symbols": [],
      "user_mentions": [
        {
          "screen_name": "salvinamusica",
          "name": "LaReinaDeLosHurones",
          "id": 187385739,
          "id_str": "187385739",
          "indices": [
            0,
            14
          ]
        },
        {
          "screen_name": "doncarlos_resto",
          "name": "Cantina Don Carlos",
          "id": 3035642932,
          "id_str": "3035642932",
          "indices": [
            15,
            31
          ]
        },
        {
          "screen_name": "LosResto",
          "name": "Los Restaurantes ®",
          "id": 163516788,
          "id_str": "163516788",
          "indices": [
            32,
            41
          ]
        }
      ],
      "urls": []
    },
    "metadata": {
      "iso_language_code": "es",
      "result_type": "recent"
    },
    "source": "<a href=\"http://twitter.com/download/iphone\" rel=\"nofollow\">Twitter for iPhone</a>",
    "in_reply_to_status_id": 969384085943717900,
    "in_reply_to_status_id_str": "969384085943717888",
    "in_reply_to_user_id": 187385739,
    "in_reply_to_user_id_str": "187385739",
    "in_reply_to_screen_name": "salvinamusica",
    "user": {
      "id": 321495907,
      "id_str": "321495907",
      "name": "dolomas",
      "screen_name": "dolomas",
      "location": "Buenos Aires Argentina ",
      "description": "",
      "url": null,
      "entities": {
        "description": {
          "urls": []
        }
      },
      "protected": false,
      "followers_count": 13847,
      "friends_count": 5359,
      "listed_count": 64,
      "created_at": "Tue Jun 21 17:27:43 +0000 2011",
      "favourites_count": 58522,
      "utc_offset": -10800,
      "time_zone": "Buenos Aires",
      "geo_enabled": true,
      "verified": false,
      "statuses_count": 166323,
      "lang": "es",
      "contributors_enabled": false,
      "is_translator": false,
      "is_translation_enabled": false,
      "profile_background_color": "709397",
      "profile_background_image_url": "http://abs.twimg.com/images/themes/theme6/bg.gif",
      "profile_background_image_url_https": "https://abs.twimg.com/images/themes/theme6/bg.gif",
      "profile_background_tile": false,
      "profile_image_url": "http://pbs.twimg.com/profile_images/922974177325453312/I4VDL4g9_normal.jpg",
      "profile_image_url_https": "https://pbs.twimg.com/profile_images/922974177325453312/I4VDL4g9_normal.jpg",
      "profile_link_color": "FF3300",
      "profile_sidebar_border_color": "86A4A6",
      "profile_sidebar_fill_color": "A0C5C7",
      "profile_text_color": "333333",
      "profile_use_background_image": true,
      "has_extended_profile": false,
      "default_profile": false,
      "default_profile_image": false,
      "following": null,
      "follow_request_sent": null,
      "notifications": null,
      "translator_type": "none"
    },
    "geo": null,
    "coordinates": null,
    "place": null,
    "contributors": null,
    "is_quote_status": false,
    "retweet_count": 0,
    "favorite_count": 0,
    "favorited": false,
    "retweeted": false,
    "lang": "es"
  },
  {
    "created_at": "Fri Mar 02 01:30:55 +0000 2018",
    "id": 969384525028577300,
    "id_str": "969384525028577282",
    "text": "RT @JaimeeFae: Thank you for buying! POV Sloppy BJ and Doggy Riding. Get yours here https://t.co/Fr4ShIPYEg @manyvids #MVSales https://t.co…",
    "truncated": false,
    "entities": {
      "hashtags": [
        {
          "text": "MVSales",
          "indices": [
            118,
            126
          ]
        }
      ],
      "symbols": [],
      "user_mentions": [
        {
          "screen_name": "JaimeeFae",
          "name": "❁Jaimee Baby❁",
          "id": 2893568326,
          "id_str": "2893568326",
          "indices": [
            3,
            13
          ]
        },
        {
          "screen_name": "ManyVids",
          "name": "ManyVids",
          "id": 1279220006,
          "id_str": "1279220006",
          "indices": [
            108,
            117
          ]
        }
      ],
      "urls": [
        {
          "url": "https://t.co/Fr4ShIPYEg",
          "expanded_url": "https://www.manyvids.com/Video/89972/POV-Sloppy-BJ-and-Doggy-Riding/",
          "display_url": "manyvids.com/Video/89972/PO…",
          "indices": [
            84,
            107
          ]
        }
      ]
    },
    "metadata": {
      "iso_language_code": "en",
      "result_type": "recent"
    },
    "source": "<a href=\"http://twitterrific.com\" rel=\"nofollow\">Twitterrific</a>",
    "in_reply_to_status_id": null,
    "in_reply_to_status_id_str": null,
    "in_reply_to_user_id": null,
    "in_reply_to_user_id_str": null,
    "in_reply_to_screen_name": null,
    "user": {
      "id": 3437534055,
      "id_str": "3437534055",
      "name": "max_rebo",
      "screen_name": "mrebojhk",
      "location": "Tatooine, Jabba's Barge",
      "description": "I like the stuff that you like.",
      "url": null,
      "entities": {
        "description": {
          "urls": []
        }
      },
      "protected": false,
      "followers_count": 109,
      "friends_count": 93,
      "listed_count": 0,
      "created_at": "Mon Aug 24 04:38:00 +0000 2015",
      "favourites_count": 1120,
      "utc_offset": null,
      "time_zone": null,
      "geo_enabled": false,
      "verified": false,
      "statuses_count": 1280,
      "lang": "en",
      "contributors_enabled": false,
      "is_translator": false,
      "is_translation_enabled": false,
      "profile_background_color": "000000",
      "profile_background_image_url": "http://abs.twimg.com/images/themes/theme1/bg.png",
      "profile_background_image_url_https": "https://abs.twimg.com/images/themes/theme1/bg.png",
      "profile_background_tile": false,
      "profile_image_url": "http://pbs.twimg.com/profile_images/767599256920358912/YuUMQcLD_normal.jpg",
      "profile_image_url_https": "https://pbs.twimg.com/profile_images/767599256920358912/YuUMQcLD_normal.jpg",
      "profile_banner_url": "https://pbs.twimg.com/profile_banners/3437534055/1472890145",
      "profile_link_color": "89C9FA",
      "profile_sidebar_border_color": "000000",
      "profile_sidebar_fill_color": "000000",
      "profile_text_color": "000000",
      "profile_use_background_image": false,
      "has_extended_profile": true,
      "default_profile": false,
      "default_profile_image": false,
      "following": null,
      "follow_request_sent": null,
      "notifications": null,
      "translator_type": "none"
    },
    "geo": null,
    "coordinates": null,
    "place": null,
    "contributors": null,
    "retweeted_status": {
      "created_at": "Thu Mar 01 05:23:40 +0000 2018",
      "id": 969080711683682300,
      "id_str": "969080711683682304",
      "text": "Thank you for buying! POV Sloppy BJ and Doggy Riding. Get yours here https://t.co/Fr4ShIPYEg @manyvids #MVSales https://t.co/aIlIMSEyQ0",
      "truncated": false,
      "entities": {
        "hashtags": [
          {
            "text": "MVSales",
            "indices": [
              103,
              111
            ]
          }
        ],
        "symbols": [],
        "user_mentions": [
          {
            "screen_name": "ManyVids",
            "name": "ManyVids",
            "id": 1279220006,
            "id_str": "1279220006",
            "indices": [
              93,
              102
            ]
          }
        ],
        "urls": [
          {
            "url": "https://t.co/Fr4ShIPYEg",
            "expanded_url": "https://www.manyvids.com/Video/89972/POV-Sloppy-BJ-and-Doggy-Riding/",
            "display_url": "manyvids.com/Video/89972/PO…",
            "indices": [
              69,
              92
            ]
          }
        ],
        "media": [
          {
            "id": 969080709724983300,
            "id_str": "969080709724983296",
            "indices": [
              112,
              135
            ],
            "media_url": "http://pbs.twimg.com/media/DXLdxWXXUAAwcrG.jpg",
            "media_url_https": "https://pbs.twimg.com/media/DXLdxWXXUAAwcrG.jpg",
            "url": "https://t.co/aIlIMSEyQ0",
            "display_url": "pic.twitter.com/aIlIMSEyQ0",
            "expanded_url": "https://twitter.com/JaimeeFae/status/969080711683682304/photo/1",
            "type": "photo",
            "sizes": {
              "small": {
                "w": 680,
                "h": 383,
                "resize": "fit"
              },
              "thumb": {
                "w": 150,
                "h": 150,
                "resize": "crop"
              },
              "medium": {
                "w": 1200,
                "h": 675,
                "resize": "fit"
              },
              "large": {
                "w": 1920,
                "h": 1080,
                "resize": "fit"
              }
            }
          }
        ]
      },
      "extended_entities": {
        "media": [
          {
            "id": 969080709724983300,
            "id_str": "969080709724983296",
            "indices": [
              112,
              135
            ],
            "media_url": "http://pbs.twimg.com/media/DXLdxWXXUAAwcrG.jpg",
            "media_url_https": "https://pbs.twimg.com/media/DXLdxWXXUAAwcrG.jpg",
            "url": "https://t.co/aIlIMSEyQ0",
            "display_url": "pic.twitter.com/aIlIMSEyQ0",
            "expanded_url": "https://twitter.com/JaimeeFae/status/969080711683682304/photo/1",
            "type": "photo",
            "sizes": {
              "small": {
                "w": 680,
                "h": 383,
                "resize": "fit"
              },
              "thumb": {
                "w": 150,
                "h": 150,
                "resize": "crop"
              },
              "medium": {
                "w": 1200,
                "h": 675,
                "resize": "fit"
              },
              "large": {
                "w": 1920,
                "h": 1080,
                "resize": "fit"
              }
            }
          }
        ]
      },
      "metadata": {
        "iso_language_code": "en",
        "result_type": "recent"
      },
      "source": "<a href=\"http://www.manyvids.com\" rel=\"nofollow\">Manyvids</a>",
      "in_reply_to_status_id": null,
      "in_reply_to_status_id_str": null,
      "in_reply_to_user_id": null,
      "in_reply_to_user_id_str": null,
      "in_reply_to_screen_name": null,
      "user": {
        "id": 2893568326,
        "id_str": "2893568326",
        "name": "❁Jaimee Baby❁",
        "screen_name": "JaimeeFae",
        "location": "",
        "description": "✿https://t.co/8JkarI3WMk✿",
        "url": null,
        "entities": {
          "description": {
            "urls": [
              {
                "url": "https://t.co/8JkarI3WMk",
                "expanded_url": "https://www.manyvids.com/Profile/289533/Jaimee-Fae/",
                "display_url": "manyvids.com/Profile/289533…",
                "indices": [
                  1,
                  24
                ]
              }
            ]
          }
        },
        "protected": false,
        "followers_count": 17017,
        "friends_count": 5,
        "listed_count": 102,
        "created_at": "Wed Nov 26 17:05:16 +0000 2014",
        "favourites_count": 3789,
        "utc_offset": null,
        "time_zone": null,
        "geo_enabled": false,
        "verified": false,
        "statuses_count": 3230,
        "lang": "en",
        "contributors_enabled": false,
        "is_translator": false,
        "is_translation_enabled": false,
        "profile_background_color": "9AE4E8",
        "profile_background_image_url": "http://abs.twimg.com/images/themes/theme16/bg.gif",
        "profile_background_image_url_https": "https://abs.twimg.com/images/themes/theme16/bg.gif",
        "profile_background_tile": false,
        "profile_image_url": "http://pbs.twimg.com/profile_images/767816741313536001/qxW_fq4t_normal.jpg",
        "profile_image_url_https": "https://pbs.twimg.com/profile_images/767816741313536001/qxW_fq4t_normal.jpg",
        "profile_banner_url": "https://pbs.twimg.com/profile_banners/2893568326/1453431948",
        "profile_link_color": "0084B4",
        "profile_sidebar_border_color": "BDDCAD",
        "profile_sidebar_fill_color": "DDFFCC",
        "profile_text_color": "333333",
        "profile_use_background_image": true,
        "has_extended_profile": true,
        "default_profile": false,
        "default_profile_image": false,
        "following": null,
        "follow_request_sent": null,
        "notifications": null,
        "translator_type": "none"
      },
      "geo": null,
      "coordinates": null,
      "place": null,
      "contributors": null,
      "is_quote_status": false,
      "retweet_count": 1,
      "favorite_count": 5,
      "favorited": false,
      "retweeted": false,
      "possibly_sensitive": true,
      "lang": "en"
    },
    "is_quote_status": false,
    "retweet_count": 1,
    "favorite_count": 0,
    "favorited": false,
    "retweeted": false,
    "possibly_sensitive": false,
    "lang": "en"
  },
  {
    "created_at": "Fri Mar 02 01:30:46 +0000 2018",
    "id": 969384486310785000,
    "id_str": "969384486310785024",
    "text": "@magical_doggy @kana_veil 正しい表記はブラックパンサー・ネオ",
    "truncated": false,
    "entities": {
      "hashtags": [],
      "symbols": [],
      "user_mentions": [
        {
          "screen_name": "magical_doggy",
          "name": "まじかるドギ子＠おかまアマゾン",
          "id": 736953426,
          "id_str": "736953426",
          "indices": [
            0,
            14
          ]
        },
        {
          "screen_name": "kana_veil",
          "name": "アルコール15%🌙🌃コトノカナ",
          "id": 2489073973,
          "id_str": "2489073973",
          "indices": [
            15,
            25
          ]
        }
      ],
      "urls": []
    },
    "metadata": {
      "iso_language_code": "ja",
      "result_type": "recent"
    },
    "source": "<a href=\"http://www.echofon.com/\" rel=\"nofollow\">Echofon</a>",
    "in_reply_to_status_id": 969382296850636800,
    "in_reply_to_status_id_str": "969382296850636801",
    "in_reply_to_user_id": 736953426,
    "in_reply_to_user_id_str": "736953426",
    "in_reply_to_screen_name": "magical_doggy",
    "user": {
      "id": 254558337,
      "id_str": "254558337",
      "name": "ネオ",
      "screen_name": "BlackPantherNeo",
      "location": "果南ちゃんにチョークスリーパーされて眠りたい",
      "description": "Aqoursは日々の活力源",
      "url": null,
      "entities": {
        "description": {
          "urls": []
        }
      },
      "protected": false,
      "followers_count": 362,
      "friends_count": 386,
      "listed_count": 10,
      "created_at": "Sat Feb 19 14:38:10 +0000 2011",
      "favourites_count": 2724,
      "utc_offset": -36000,
      "time_zone": "Hawaii",
      "geo_enabled": false,
      "verified": false,
      "statuses_count": 14010,
      "lang": "ja",
      "contributors_enabled": false,
      "is_translator": false,
      "is_translation_enabled": false,
      "profile_background_color": "EBEBEB",
      "profile_background_image_url": "http://pbs.twimg.com/profile_background_images/566634214112497665/6kofJ-he.png",
      "profile_background_image_url_https": "https://pbs.twimg.com/profile_background_images/566634214112497665/6kofJ-he.png",
      "profile_background_tile": false,
      "profile_image_url": "http://pbs.twimg.com/profile_images/944572768951050240/KvlAL0V__normal.jpg",
      "profile_image_url_https": "https://pbs.twimg.com/profile_images/944572768951050240/KvlAL0V__normal.jpg",
      "profile_banner_url": "https://pbs.twimg.com/profile_banners/254558337/1514038673",
      "profile_link_color": "0084B4",
      "profile_sidebar_border_color": "FFFFFF",
      "profile_sidebar_fill_color": "DDEEF6",
      "profile_text_color": "333333",
      "profile_use_background_image": false,
      "has_extended_profile": true,
      "default_profile": false,
      "default_profile_image": false,
      "following": null,
      "follow_request_sent": null,
      "notifications": null,
      "translator_type": "none"
    },
    "geo": null,
    "coordinates": null,
    "place": null,
    "contributors": null,
    "is_quote_status": false,
    "retweet_count": 0,
    "favorite_count": 0,
    "favorited": false,
    "retweeted": false,
    "lang": "ja"
  },
  {
    "created_at": "Fri Mar 02 01:30:13 +0000 2018",
    "id": 969384346602876900,
    "id_str": "969384346602876933",
    "text": "~\n📷: @gala_galactica \nSelected by: @monicasisson\n\nCongrats @gala_galactica — you’re a #bestmeow! Thank you for shar… https://t.co/DLUNXQMmcp",
    "truncated": true,
    "entities": {
      "hashtags": [
        {
          "text": "bestmeow",
          "indices": [
            86,
            95
          ]
        }
      ],
      "symbols": [],
      "user_mentions": [
        {
          "screen_name": "gala_galactica",
          "name": "gala",
          "id": 1871761910,
          "id_str": "1871761910",
          "indices": [
            5,
            20
          ]
        },
        {
          "screen_name": "monicasisson",
          "name": "Monica Sisson",
          "id": 24756056,
          "id_str": "24756056",
          "indices": [
            35,
            48
          ]
        },
        {
          "screen_name": "gala_galactica",
          "name": "gala",
          "id": 1871761910,
          "id_str": "1871761910",
          "indices": [
            59,
            74
          ]
        }
      ],
      "urls": [
        {
          "url": "https://t.co/DLUNXQMmcp",
          "expanded_url": "https://twitter.com/i/web/status/969384346602876933",
          "display_url": "twitter.com/i/web/status/9…",
          "indices": [
            117,
            140
          ]
        }
      ]
    },
    "metadata": {
      "iso_language_code": "en",
      "result_type": "recent"
    },
    "source": "<a href=\"https://ifttt.com\" rel=\"nofollow\">IFTTT</a>",
    "in_reply_to_status_id": null,
    "in_reply_to_status_id_str": null,
    "in_reply_to_user_id": null,
    "in_reply_to_user_id_str": null,
    "in_reply_to_screen_name": null,
    "user": {
      "id": 2615885498,
      "id_str": "2615885498",
      "name": "Best Meow",
      "screen_name": "BestMeow",
      "location": "",
      "description": "Your twice-daily dose of kitty-cat cuteness! Follow @bestmeow and tag #bestmeow on Instagram for your chance to be featured. Meow!",
      "url": "http://t.co/7aX2OcrVbW",
      "entities": {
        "url": {
          "urls": [
            {
              "url": "http://t.co/7aX2OcrVbW",
              "expanded_url": "http://www.instagram.com/bestmeow",
              "display_url": "instagram.com/bestmeow",
              "indices": [
                0,
                22
              ]
            }
          ]
        },
        "description": {
          "urls": []
        }
      },
      "protected": false,
      "followers_count": 304,
      "friends_count": 6,
      "listed_count": 2,
      "created_at": "Thu Jul 10 17:49:00 +0000 2014",
      "favourites_count": 1,
      "utc_offset": null,
      "time_zone": null,
      "geo_enabled": false,
      "verified": false,
      "statuses_count": 2205,
      "lang": "en",
      "contributors_enabled": false,
      "is_translator": false,
      "is_translation_enabled": false,
      "profile_background_color": "C0DEED",
      "profile_background_image_url": "http://abs.twimg.com/images/themes/theme1/bg.png",
      "profile_background_image_url_https": "https://abs.twimg.com/images/themes/theme1/bg.png",
      "profile_background_tile": false,
      "profile_image_url": "http://pbs.twimg.com/profile_images/543976243448672257/AS3fbQYL_normal.png",
      "profile_image_url_https": "https://pbs.twimg.com/profile_images/543976243448672257/AS3fbQYL_normal.png",
      "profile_link_color": "1DA1F2",
      "profile_sidebar_border_color": "C0DEED",
      "profile_sidebar_fill_color": "DDEEF6",
      "profile_text_color": "333333",
      "profile_use_background_image": true,
      "has_extended_profile": false,
      "default_profile": true,
      "default_profile_image": false,
      "following": null,
      "follow_request_sent": null,
      "notifications": null,
      "translator_type": "none"
    },
    "geo": null,
    "coordinates": null,
    "place": null,
    "contributors": null,
    "is_quote_status": false,
    "retweet_count": 0,
    "favorite_count": 0,
    "favorited": false,
    "retweeted": false,
    "possibly_sensitive": false,
    "lang": "en"
  }
]