[
  {
    "created_at": "Fri Mar 09 00:17:24 +0000 2018",
    "id": 971902738983542800,
    "id_str": "971902738983542784",
    "text": "RT @Katie_Isabelle: UH OH!! What’s this idiot got himself into... SUPER excited to watch this ep of #littledog tonight, might be my favouri…",
    "truncated": false,
    "entities": {
      "hashtags": [
        {
          "text": "littledog",
          "indices": [
            100,
            110
          ]
        }
      ],
      "symbols": [],
      "user_mentions": [
        {
          "screen_name": "Katie_Isabelle",
          "name": "Katharine Isabelle",
          "id": 262539542,
          "id_str": "262539542",
          "indices": [
            3,
            18
          ]
        }
      ],
      "urls": []
    },
    "metadata": {
      "iso_language_code": "en",
      "result_type": "recent"
    },
    "source": "<a href=\"http://twitter.com/download/android\" rel=\"nofollow\">Twitter for Android</a>",
    "in_reply_to_status_id": null,
    "in_reply_to_status_id_str": null,
    "in_reply_to_user_id": null,
    "in_reply_to_user_id_str": null,
    "in_reply_to_screen_name": null,
    "user": {
      "id": 261336739,
      "id_str": "261336739",
      "name": "KIUK Webmaster",
      "screen_name": "ki_uk",
      "location": "England",
      "description": "Twitter feed for Katharine Isabelle UK , the web's longest running unofficial fan site.\r\nKatharine Isabelle official account @Katie_Isabelle",
      "url": "https://t.co/Qls74Ukyqm",
      "entities": {
        "url": {
          "urls": [
            {
              "url": "https://t.co/Qls74Ukyqm",
              "expanded_url": "http://www.katharine-isabelle.co.uk",
              "display_url": "katharine-isabelle.co.uk",
              "indices": [
                0,
                23
              ]
            }
          ]
        },
        "description": {
          "urls": []
        }
      },
      "protected": false,
      "followers_count": 101,
      "friends_count": 55,
      "listed_count": 6,
      "created_at": "Sat Mar 05 19:05:49 +0000 2011",
      "favourites_count": 314,
      "utc_offset": 0,
      "time_zone": "London",
      "geo_enabled": false,
      "verified": false,
      "statuses_count": 2438,
      "lang": "en",
      "contributors_enabled": false,
      "is_translator": false,
      "is_translation_enabled": false,
      "profile_background_color": "C0DEED",
      "profile_background_image_url": "http://pbs.twimg.com/profile_background_images/479072707804295168/4scHekC3.jpeg",
      "profile_background_image_url_https": "https://pbs.twimg.com/profile_background_images/479072707804295168/4scHekC3.jpeg",
      "profile_background_tile": true,
      "profile_image_url": "http://pbs.twimg.com/profile_images/459193863765123072/RPWnkBQY_normal.jpeg",
      "profile_image_url_https": "https://pbs.twimg.com/profile_images/459193863765123072/RPWnkBQY_normal.jpeg",
      "profile_banner_url": "https://pbs.twimg.com/profile_banners/261336739/1398229901",
      "profile_link_color": "0084B4",
      "profile_sidebar_border_color": "FFFFFF",
      "profile_sidebar_fill_color": "DDEEF6",
      "profile_text_color": "333333",
      "profile_use_background_image": true,
      "has_extended_profile": true,
      "default_profile": false,
      "default_profile_image": false,
      "following": null,
      "follow_request_sent": null,
      "notifications": null,
      "translator_type": "none"
    },
    "geo": null,
    "coordinates": null,
    "place": null,
    "contributors": null,
    "retweeted_status": {
      "created_at": "Thu Mar 08 23:46:37 +0000 2018",
      "id": 971894989809582100,
      "id_str": "971894989809582080",
      "text": "UH OH!! What’s this idiot got himself into... SUPER excited to watch this ep of #littledog tonight, might be my fav… https://t.co/DLsN7Hmqmy",
      "truncated": true,
      "entities": {
        "hashtags": [
          {
            "text": "littledog",
            "indices": [
              80,
              90
            ]
          }
        ],
        "symbols": [],
        "user_mentions": [],
        "urls": [
          {
            "url": "https://t.co/DLsN7Hmqmy",
            "expanded_url": "https://twitter.com/i/web/status/971894989809582080",
            "display_url": "twitter.com/i/web/status/9…",
            "indices": [
              117,
              140
            ]
          }
        ]
      },
      "metadata": {
        "iso_language_code": "en",
        "result_type": "recent"
      },
      "source": "<a href=\"http://twitter.com/download/iphone\" rel=\"nofollow\">Twitter for iPhone</a>",
      "in_reply_to_status_id": null,
      "in_reply_to_status_id_str": null,
      "in_reply_to_user_id": null,
      "in_reply_to_user_id_str": null,
      "in_reply_to_screen_name": null,
      "user": {
        "id": 262539542,
        "id_str": "262539542",
        "name": "Katharine Isabelle",
        "screen_name": "Katie_Isabelle",
        "location": "",
        "description": "Canadian. Carny. Zero idea what I'm doing. #hannibal #gingersnaps #americanmary https://t.co/3pBV1d7d1i",
        "url": null,
        "entities": {
          "description": {
            "urls": [
              {
                "url": "https://t.co/3pBV1d7d1i",
                "expanded_url": "http://Instagram.com/thekatharineisabelleproject",
                "display_url": "Instagram.com/thekatharineis…",
                "indices": [
                  80,
                  103
                ]
              }
            ]
          }
        },
        "protected": false,
        "followers_count": 22406,
        "friends_count": 46,
        "listed_count": 235,
        "created_at": "Tue Mar 08 07:11:41 +0000 2011",
        "favourites_count": 961,
        "utc_offset": null,
        "time_zone": null,
        "geo_enabled": false,
        "verified": false,
        "statuses_count": 1144,
        "lang": "en",
        "contributors_enabled": false,
        "is_translator": false,
        "is_translation_enabled": false,
        "profile_background_color": "C0DEED",
        "profile_background_image_url": "http://abs.twimg.com/images/themes/theme1/bg.png",
        "profile_background_image_url_https": "https://abs.twimg.com/images/themes/theme1/bg.png",
        "profile_background_tile": false,
        "profile_image_url": "http://pbs.twimg.com/profile_images/729427478658297857/cLvBK7kM_normal.jpg",
        "profile_image_url_https": "https://pbs.twimg.com/profile_images/729427478658297857/cLvBK7kM_normal.jpg",
        "profile_banner_url": "https://pbs.twimg.com/profile_banners/262539542/1497410406",
        "profile_link_color": "1DA1F2",
        "profile_sidebar_border_color": "C0DEED",
        "profile_sidebar_fill_color": "DDEEF6",
        "profile_text_color": "333333",
        "profile_use_background_image": true,
        "has_extended_profile": false,
        "default_profile": true,
        "default_profile_image": false,
        "following": null,
        "follow_request_sent": null,
        "notifications": null,
        "translator_type": "none"
      },
      "geo": null,
      "coordinates": null,
      "place": null,
      "contributors": null,
      "is_quote_status": false,
      "retweet_count": 2,
      "favorite_count": 10,
      "favorited": false,
      "retweeted": false,
      "possibly_sensitive": false,
      "lang": "en"
    },
    "is_quote_status": false,
    "retweet_count": 2,
    "favorite_count": 0,
    "favorited": false,
    "retweeted": false,
    "lang": "en"
  },
  {
    "created_at": "Fri Mar 09 00:17:13 +0000 2018",
    "id": 971902692674166800,
    "id_str": "971902692674166784",
    "text": "RT @Rigos_Rain: Woof woof KSBHSHDVSVD\nStos furros  \n(Me estoy riendo feo) https://t.co/sso1Dez2ZR",
    "truncated": false,
    "entities": {
      "hashtags": [],
      "symbols": [],
      "user_mentions": [
        {
          "screen_name": "Rigos_Rain",
          "name": "Deku Ayase 🐻 💕",
          "id": 770455902,
          "id_str": "770455902",
          "indices": [
            3,
            14
          ]
        }
      ],
      "urls": [],
      "media": [
        {
          "id": 971759355870642200,
          "id_str": "971759355870642176",
          "indices": [
            74,
            97
          ],
          "media_url": "http://pbs.twimg.com/media/DXxh_E3VAAAv3sp.jpg",
          "media_url_https": "https://pbs.twimg.com/media/DXxh_E3VAAAv3sp.jpg",
          "url": "https://t.co/sso1Dez2ZR",
          "display_url": "pic.twitter.com/sso1Dez2ZR",
          "expanded_url": "https://twitter.com/Rigos_Rain/status/971759362443182080/photo/1",
          "type": "photo",
          "sizes": {
            "small": {
              "w": 337,
              "h": 680,
              "resize": "fit"
            },
            "thumb": {
              "w": 150,
              "h": 150,
              "resize": "crop"
            },
            "large": {
              "w": 508,
              "h": 1024,
              "resize": "fit"
            },
            "medium": {
              "w": 508,
              "h": 1024,
              "resize": "fit"
            }
          },
          "source_status_id": 971759362443182100,
          "source_status_id_str": "971759362443182080",
          "source_user_id": 770455902,
          "source_user_id_str": "770455902"
        }
      ]
    },
    "extended_entities": {
      "media": [
        {
          "id": 971759355870642200,
          "id_str": "971759355870642176",
          "indices": [
            74,
            97
          ],
          "media_url": "http://pbs.twimg.com/media/DXxh_E3VAAAv3sp.jpg",
          "media_url_https": "https://pbs.twimg.com/media/DXxh_E3VAAAv3sp.jpg",
          "url": "https://t.co/sso1Dez2ZR",
          "display_url": "pic.twitter.com/sso1Dez2ZR",
          "expanded_url": "https://twitter.com/Rigos_Rain/status/971759362443182080/photo/1",
          "type": "photo",
          "sizes": {
            "small": {
              "w": 337,
              "h": 680,
              "resize": "fit"
            },
            "thumb": {
              "w": 150,
              "h": 150,
              "resize": "crop"
            },
            "large": {
              "w": 508,
              "h": 1024,
              "resize": "fit"
            },
            "medium": {
              "w": 508,
              "h": 1024,
              "resize": "fit"
            }
          },
          "source_status_id": 971759362443182100,
          "source_status_id_str": "971759362443182080",
          "source_user_id": 770455902,
          "source_user_id_str": "770455902"
        }
      ]
    },
    "metadata": {
      "iso_language_code": "und",
      "result_type": "recent"
    },
    "source": "<a href=\"http://twitter.com/download/android\" rel=\"nofollow\">Twitter for Android</a>",
    "in_reply_to_status_id": null,
    "in_reply_to_status_id_str": null,
    "in_reply_to_user_id": null,
    "in_reply_to_user_id_str": null,
    "in_reply_to_screen_name": null,
    "user": {
      "id": 818145348115898400,
      "id_str": "818145348115898368",
      "name": "Consu Setoguchi 🐼💕[COMMISSIONS OPEN]",
      "screen_name": "Nagusame_Ritsu_",
      "location": "pinky Hell",
      "description": "Mini Rakkun 1//16 menos 2 //Xile//ABRÍ COMIS WAXINNN// ✨( ͡• ͜ʖ ͡•)✨//❤707  새영❤\nH: @Rigos_Rain  Lob: @Rigos_Rain muak \n\n Nos AMP dijo el @Mab_ZiamB",
      "url": "https://t.co/5qkLScdR6e",
      "entities": {
        "url": {
          "urls": [
            {
              "url": "https://t.co/5qkLScdR6e",
              "expanded_url": "https://curiouscat.me/Nagusame_Ritsu_",
              "display_url": "curiouscat.me/Nagusame_Ritsu_",
              "indices": [
                0,
                23
              ]
            }
          ]
        },
        "description": {
          "urls": []
        }
      },
      "protected": false,
      "followers_count": 4189,
      "friends_count": 165,
      "listed_count": 14,
      "created_at": "Sun Jan 08 17:20:26 +0000 2017",
      "favourites_count": 15541,
      "utc_offset": -28800,
      "time_zone": "Pacific Time (US & Canada)",
      "geo_enabled": true,
      "verified": false,
      "statuses_count": 24481,
      "lang": "es",
      "contributors_enabled": false,
      "is_translator": false,
      "is_translation_enabled": false,
      "profile_background_color": "000000",
      "profile_background_image_url": "http://abs.twimg.com/images/themes/theme1/bg.png",
      "profile_background_image_url_https": "https://abs.twimg.com/images/themes/theme1/bg.png",
      "profile_background_tile": false,
      "profile_image_url": "http://pbs.twimg.com/profile_images/970804394928365568/g6CsLMP0_normal.jpg",
      "profile_image_url_https": "https://pbs.twimg.com/profile_images/970804394928365568/g6CsLMP0_normal.jpg",
      "profile_banner_url": "https://pbs.twimg.com/profile_banners/818145348115898368/1518823342",
      "profile_link_color": "F58EA8",
      "profile_sidebar_border_color": "000000",
      "profile_sidebar_fill_color": "000000",
      "profile_text_color": "000000",
      "profile_use_background_image": false,
      "has_extended_profile": true,
      "default_profile": false,
      "default_profile_image": false,
      "following": null,
      "follow_request_sent": null,
      "notifications": null,
      "translator_type": "none"
    },
    "geo": null,
    "coordinates": null,
    "place": null,
    "contributors": null,
    "retweeted_status": {
      "created_at": "Thu Mar 08 14:47:41 +0000 2018",
      "id": 971759362443182100,
      "id_str": "971759362443182080",
      "text": "Woof woof KSBHSHDVSVD\nStos furros  \n(Me estoy riendo feo) https://t.co/sso1Dez2ZR",
      "truncated": false,
      "entities": {
        "hashtags": [],
        "symbols": [],
        "user_mentions": [],
        "urls": [],
        "media": [
          {
            "id": 971759355870642200,
            "id_str": "971759355870642176",
            "indices": [
              58,
              81
            ],
            "media_url": "http://pbs.twimg.com/media/DXxh_E3VAAAv3sp.jpg",
            "media_url_https": "https://pbs.twimg.com/media/DXxh_E3VAAAv3sp.jpg",
            "url": "https://t.co/sso1Dez2ZR",
            "display_url": "pic.twitter.com/sso1Dez2ZR",
            "expanded_url": "https://twitter.com/Rigos_Rain/status/971759362443182080/photo/1",
            "type": "photo",
            "sizes": {
              "small": {
                "w": 337,
                "h": 680,
                "resize": "fit"
              },
              "thumb": {
                "w": 150,
                "h": 150,
                "resize": "crop"
              },
              "large": {
                "w": 508,
                "h": 1024,
                "resize": "fit"
              },
              "medium": {
                "w": 508,
                "h": 1024,
                "resize": "fit"
              }
            }
          }
        ]
      },
      "extended_entities": {
        "media": [
          {
            "id": 971759355870642200,
            "id_str": "971759355870642176",
            "indices": [
              58,
              81
            ],
            "media_url": "http://pbs.twimg.com/media/DXxh_E3VAAAv3sp.jpg",
            "media_url_https": "https://pbs.twimg.com/media/DXxh_E3VAAAv3sp.jpg",
            "url": "https://t.co/sso1Dez2ZR",
            "display_url": "pic.twitter.com/sso1Dez2ZR",
            "expanded_url": "https://twitter.com/Rigos_Rain/status/971759362443182080/photo/1",
            "type": "photo",
            "sizes": {
              "small": {
                "w": 337,
                "h": 680,
                "resize": "fit"
              },
              "thumb": {
                "w": 150,
                "h": 150,
                "resize": "crop"
              },
              "large": {
                "w": 508,
                "h": 1024,
                "resize": "fit"
              },
              "medium": {
                "w": 508,
                "h": 1024,
                "resize": "fit"
              }
            }
          }
        ]
      },
      "metadata": {
        "iso_language_code": "und",
        "result_type": "recent"
      },
      "source": "<a href=\"http://twitter.com/download/android\" rel=\"nofollow\">Twitter for Android</a>",
      "in_reply_to_status_id": null,
      "in_reply_to_status_id_str": null,
      "in_reply_to_user_id": null,
      "in_reply_to_user_id_str": null,
      "in_reply_to_screen_name": null,
      "user": {
        "id": 770455902,
        "id_str": "770455902",
        "name": "Deku Ayase 🐻 💕",
        "screen_name": "Rigos_Rain",
        "location": "NYAO!",
        "description": "Mini Rakkun 2 | 🇲🇽 016 PerroLobo Dibujante ツ | Rakkun • Fran • Tito #Frakkun #Franito #Vashyu • #FNAFHS #Overwatch #BNHA | E / Couple kia: @Nagusame_Ritsu_ muak",
        "url": "https://t.co/DnvruDe7fp",
        "entities": {
          "url": {
            "urls": [
              {
                "url": "https://t.co/DnvruDe7fp",
                "expanded_url": "https://www.wattpad.com/user/RigosW",
                "display_url": "wattpad.com/user/RigosW",
                "indices": [
                  0,
                  23
                ]
              }
            ]
          },
          "description": {
            "urls": []
          }
        },
        "protected": false,
        "followers_count": 6806,
        "friends_count": 355,
        "listed_count": 14,
        "created_at": "Mon Aug 20 23:56:42 +0000 2012",
        "favourites_count": 43887,
        "utc_offset": -28800,
        "time_zone": "Pacific Time (US & Canada)",
        "geo_enabled": true,
        "verified": false,
        "statuses_count": 30955,
        "lang": "es",
        "contributors_enabled": false,
        "is_translator": false,
        "is_translation_enabled": false,
        "profile_background_color": "2DDE1D",
        "profile_background_image_url": "http://pbs.twimg.com/profile_background_images/498323272388186112/bUTpk09C.jpeg",
        "profile_background_image_url_https": "https://pbs.twimg.com/profile_background_images/498323272388186112/bUTpk09C.jpeg",
        "profile_background_tile": false,
        "profile_image_url": "http://pbs.twimg.com/profile_images/970671346345799680/QYSvpYlM_normal.jpg",
        "profile_image_url_https": "https://pbs.twimg.com/profile_images/970671346345799680/QYSvpYlM_normal.jpg",
        "profile_banner_url": "https://pbs.twimg.com/profile_banners/770455902/1518667376",
        "profile_link_color": "19CF86",
        "profile_sidebar_border_color": "FFFFFF",
        "profile_sidebar_fill_color": "DDEEF6",
        "profile_text_color": "333333",
        "profile_use_background_image": true,
        "has_extended_profile": true,
        "default_profile": false,
        "default_profile_image": false,
        "following": null,
        "follow_request_sent": null,
        "notifications": null,
        "translator_type": "none"
      },
      "geo": null,
      "coordinates": null,
      "place": null,
      "contributors": null,
      "is_quote_status": false,
      "retweet_count": 1,
      "favorite_count": 30,
      "favorited": false,
      "retweeted": false,
      "possibly_sensitive": false,
      "lang": "und"
    },
    "is_quote_status": false,
    "retweet_count": 1,
    "favorite_count": 0,
    "favorited": false,
    "retweeted": false,
    "possibly_sensitive": false,
    "lang": "und"
  },
  {
    "created_at": "Fri Mar 09 00:17:07 +0000 2018",
    "id": 971902666635927600,
    "id_str": "971902666635927552",
    "text": "RT @antwanstaley: Just got off the phone with my Aunt, who was pictured earlier and she has been a Dolphins fan for 40 years even growing u…",
    "truncated": false,
    "entities": {
      "hashtags": [],
      "symbols": [],
      "user_mentions": [
        {
          "screen_name": "antwanstaley",
          "name": "Antwan V. Staley",
          "id": 27930074,
          "id_str": "27930074",
          "indices": [
            3,
            16
          ]
        }
      ],
      "urls": []
    },
    "metadata": {
      "iso_language_code": "en",
      "result_type": "recent"
    },
    "source": "<a href=\"http://twitter.com/download/android\" rel=\"nofollow\">Twitter for Android</a>",
    "in_reply_to_status_id": null,
    "in_reply_to_status_id_str": null,
    "in_reply_to_user_id": null,
    "in_reply_to_user_id_str": null,
    "in_reply_to_screen_name": null,
    "user": {
      "id": 25640717,
      "id_str": "25640717",
      "name": "Randy Savage",
      "screen_name": "rjclifestyle",
      "location": "hollywood,fl",
      "description": "Sports, Music, Cinema are life.......i do a lil writing, a lil podcasting, and love South Florida with my heart. #FSUTwitter #BlackTwitter #dolphinstalk #finsup",
      "url": "https://t.co/rfUS6SOVSX",
      "entities": {
        "url": {
          "urls": [
            {
              "url": "https://t.co/rfUS6SOVSX",
              "expanded_url": "http://dolphinstalk.com",
              "display_url": "dolphinstalk.com",
              "indices": [
                0,
                23
              ]
            }
          ]
        },
        "description": {
          "urls": []
        }
      },
      "protected": false,
      "followers_count": 995,
      "friends_count": 1214,
      "listed_count": 82,
      "created_at": "Sat Mar 21 04:42:23 +0000 2009",
      "favourites_count": 36139,
      "utc_offset": -18000,
      "time_zone": "Quito",
      "geo_enabled": true,
      "verified": false,
      "statuses_count": 71856,
      "lang": "en",
      "contributors_enabled": false,
      "is_translator": false,
      "is_translation_enabled": false,
      "profile_background_color": "131516",
      "profile_background_image_url": "http://abs.twimg.com/images/themes/theme14/bg.gif",
      "profile_background_image_url_https": "https://abs.twimg.com/images/themes/theme14/bg.gif",
      "profile_background_tile": true,
      "profile_image_url": "http://pbs.twimg.com/profile_images/803267002290814976/1NjvFWDt_normal.jpg",
      "profile_image_url_https": "https://pbs.twimg.com/profile_images/803267002290814976/1NjvFWDt_normal.jpg",
      "profile_banner_url": "https://pbs.twimg.com/profile_banners/25640717/1480351137",
      "profile_link_color": "009999",
      "profile_sidebar_border_color": "EEEEEE",
      "profile_sidebar_fill_color": "EFEFEF",
      "profile_text_color": "333333",
      "profile_use_background_image": true,
      "has_extended_profile": true,
      "default_profile": false,
      "default_profile_image": false,
      "following": null,
      "follow_request_sent": null,
      "notifications": null,
      "translator_type": "none"
    },
    "geo": null,
    "coordinates": null,
    "place": null,
    "contributors": null,
    "retweeted_status": {
      "created_at": "Thu Mar 08 23:51:39 +0000 2018",
      "id": 971896259907858400,
      "id_str": "971896259907858434",
      "text": "Just got off the phone with my Aunt, who was pictured earlier and she has been a Dolphins fan for 40 years even gro… https://t.co/Y2uYV26DKk",
      "truncated": true,
      "entities": {
        "hashtags": [],
        "symbols": [],
        "user_mentions": [],
        "urls": [
          {
            "url": "https://t.co/Y2uYV26DKk",
            "expanded_url": "https://twitter.com/i/web/status/971896259907858434",
            "display_url": "twitter.com/i/web/status/9…",
            "indices": [
              117,
              140
            ]
          }
        ]
      },
      "metadata": {
        "iso_language_code": "en",
        "result_type": "recent"
      },
      "source": "<a href=\"http://twitter.com/download/iphone\" rel=\"nofollow\">Twitter for iPhone</a>",
      "in_reply_to_status_id": null,
      "in_reply_to_status_id_str": null,
      "in_reply_to_user_id": null,
      "in_reply_to_user_id_str": null,
      "in_reply_to_screen_name": null,
      "user": {
        "id": 27930074,
        "id_str": "27930074",
        "name": "Antwan V. Staley",
        "screen_name": "antwanstaley",
        "location": "Fort Lauderdale, FL",
        "description": "Charlotte, NC Native. Covering #Dolphins as Managing Editor of @thedolphinswire for USA Today SMG. The U for @AthlonSports. Voice is sometimes on @790theTicket.",
        "url": "https://t.co/dN5MUuKtqK",
        "entities": {
          "url": {
            "urls": [
              {
                "url": "https://t.co/dN5MUuKtqK",
                "expanded_url": "http://dolphinswire.usatoday.com",
                "display_url": "dolphinswire.usatoday.com",
                "indices": [
                  0,
                  23
                ]
              }
            ]
          },
          "description": {
            "urls": []
          }
        },
        "protected": false,
        "followers_count": 16658,
        "friends_count": 7868,
        "listed_count": 485,
        "created_at": "Tue Mar 31 18:28:35 +0000 2009",
        "favourites_count": 35204,
        "utc_offset": -18000,
        "time_zone": "Eastern Time (US & Canada)",
        "geo_enabled": true,
        "verified": true,
        "statuses_count": 483854,
        "lang": "en",
        "contributors_enabled": false,
        "is_translator": false,
        "is_translation_enabled": false,
        "profile_background_color": "0099B9",
        "profile_background_image_url": "http://pbs.twimg.com/profile_background_images/688910473165697024/D4T6cAz9.jpg",
        "profile_background_image_url_https": "https://pbs.twimg.com/profile_background_images/688910473165697024/D4T6cAz9.jpg",
        "profile_background_tile": true,
        "profile_image_url": "http://pbs.twimg.com/profile_images/969246742763003905/btGfnYSh_normal.jpg",
        "profile_image_url_https": "https://pbs.twimg.com/profile_images/969246742763003905/btGfnYSh_normal.jpg",
        "profile_banner_url": "https://pbs.twimg.com/profile_banners/27930074/1514246702",
        "profile_link_color": "1B95E0",
        "profile_sidebar_border_color": "FFFFFF",
        "profile_sidebar_fill_color": "141414",
        "profile_text_color": "575757",
        "profile_use_background_image": true,
        "has_extended_profile": true,
        "default_profile": false,
        "default_profile_image": false,
        "following": null,
        "follow_request_sent": null,
        "notifications": null,
        "translator_type": "regular"
      },
      "geo": null,
      "coordinates": null,
      "place": null,
      "contributors": null,
      "is_quote_status": false,
      "retweet_count": 2,
      "favorite_count": 12,
      "favorited": false,
      "retweeted": false,
      "lang": "en"
    },
    "is_quote_status": false,
    "retweet_count": 2,
    "favorite_count": 0,
    "favorited": false,
    "retweeted": false,
    "lang": "en"
  },
  {
    "created_at": "Fri Mar 09 00:17:01 +0000 2018",
    "id": 971902641079959600,
    "id_str": "971902641079959552",
    "text": "RT @cucos_dogos: @Icryduringsex I’m lost help me woof",
    "truncated": false,
    "entities": {
      "hashtags": [],
      "symbols": [],
      "user_mentions": [
        {
          "screen_name": "cucos_dogos",
          "name": "Willy",
          "id": 895097431842598900,
          "id_str": "895097431842598912",
          "indices": [
            3,
            15
          ]
        },
        {
          "screen_name": "Icryduringsex",
          "name": "CUCO",
          "id": 1330910840,
          "id_str": "1330910840",
          "indices": [
            17,
            31
          ]
        }
      ],
      "urls": []
    },
    "metadata": {
      "iso_language_code": "en",
      "result_type": "recent"
    },
    "source": "<a href=\"http://twitter.com/download/iphone\" rel=\"nofollow\">Twitter for iPhone</a>",
    "in_reply_to_status_id": null,
    "in_reply_to_status_id_str": null,
    "in_reply_to_user_id": null,
    "in_reply_to_user_id_str": null,
    "in_reply_to_screen_name": null,
    "user": {
      "id": 808237683243790300,
      "id_str": "808237683243790336",
      "name": "Fry🍟",
      "screen_name": "batista_ilene",
      "location": "Bust a nuez",
      "description": "🌼 Time rides🌸 I fly🌼",
      "url": "https://t.co/VXG3KmvGUQ",
      "entities": {
        "url": {
          "urls": [
            {
              "url": "https://t.co/VXG3KmvGUQ",
              "expanded_url": "http://www.busanuez.com",
              "display_url": "busanuez.com",
              "indices": [
                0,
                23
              ]
            }
          ]
        },
        "description": {
          "urls": []
        }
      },
      "protected": false,
      "followers_count": 169,
      "friends_count": 362,
      "listed_count": 1,
      "created_at": "Mon Dec 12 09:10:54 +0000 2016",
      "favourites_count": 18532,
      "utc_offset": null,
      "time_zone": null,
      "geo_enabled": true,
      "verified": false,
      "statuses_count": 7373,
      "lang": "en",
      "contributors_enabled": false,
      "is_translator": false,
      "is_translation_enabled": false,
      "profile_background_color": "F5F8FA",
      "profile_background_image_url": null,
      "profile_background_image_url_https": null,
      "profile_background_tile": false,
      "profile_image_url": "http://pbs.twimg.com/profile_images/970838885038153728/Xpd1n8T-_normal.jpg",
      "profile_image_url_https": "https://pbs.twimg.com/profile_images/970838885038153728/Xpd1n8T-_normal.jpg",
      "profile_banner_url": "https://pbs.twimg.com/profile_banners/808237683243790336/1518595641",
      "profile_link_color": "1DA1F2",
      "profile_sidebar_border_color": "C0DEED",
      "profile_sidebar_fill_color": "DDEEF6",
      "profile_text_color": "333333",
      "profile_use_background_image": true,
      "has_extended_profile": true,
      "default_profile": true,
      "default_profile_image": false,
      "following": null,
      "follow_request_sent": null,
      "notifications": null,
      "translator_type": "none"
    },
    "geo": null,
    "coordinates": null,
    "place": null,
    "contributors": null,
    "retweeted_status": {
      "created_at": "Wed Mar 07 03:45:32 +0000 2018",
      "id": 971230338998571000,
      "id_str": "971230338998571013",
      "text": "@Icryduringsex I’m lost help me woof",
      "truncated": false,
      "entities": {
        "hashtags": [],
        "symbols": [],
        "user_mentions": [
          {
            "screen_name": "Icryduringsex",
            "name": "CUCO",
            "id": 1330910840,
            "id_str": "1330910840",
            "indices": [
              0,
              14
            ]
          }
        ],
        "urls": []
      },
      "metadata": {
        "iso_language_code": "en",
        "result_type": "recent"
      },
      "source": "<a href=\"http://twitter.com/download/iphone\" rel=\"nofollow\">Twitter for iPhone</a>",
      "in_reply_to_status_id": 971143679208550400,
      "in_reply_to_status_id_str": "971143679208550401",
      "in_reply_to_user_id": 1330910840,
      "in_reply_to_user_id_str": "1330910840",
      "in_reply_to_screen_name": "Icryduringsex",
      "user": {
        "id": 895097431842598900,
        "id_str": "895097431842598912",
        "name": "Willy",
        "screen_name": "cucos_dogos",
        "location": "Texas, USA",
        "description": "hi guys! our names are TObY and WiLLY we love Omar with all our hearts ❤️",
        "url": null,
        "entities": {
          "description": {
            "urls": []
          }
        },
        "protected": false,
        "followers_count": 131,
        "friends_count": 6,
        "listed_count": 0,
        "created_at": "Wed Aug 09 01:40:32 +0000 2017",
        "favourites_count": 422,
        "utc_offset": -28800,
        "time_zone": "Pacific Time (US & Canada)",
        "geo_enabled": false,
        "verified": false,
        "statuses_count": 105,
        "lang": "en",
        "contributors_enabled": false,
        "is_translator": false,
        "is_translation_enabled": false,
        "profile_background_color": "F5F8FA",
        "profile_background_image_url": null,
        "profile_background_image_url_https": null,
        "profile_background_tile": false,
        "profile_image_url": "http://pbs.twimg.com/profile_images/895098184401383424/hVUG0MK8_normal.jpg",
        "profile_image_url_https": "https://pbs.twimg.com/profile_images/895098184401383424/hVUG0MK8_normal.jpg",
        "profile_banner_url": "https://pbs.twimg.com/profile_banners/895097431842598912/1508131537",
        "profile_link_color": "1DA1F2",
        "profile_sidebar_border_color": "C0DEED",
        "profile_sidebar_fill_color": "DDEEF6",
        "profile_text_color": "333333",
        "profile_use_background_image": true,
        "has_extended_profile": true,
        "default_profile": true,
        "default_profile_image": false,
        "following": null,
        "follow_request_sent": null,
        "notifications": null,
        "translator_type": "none"
      },
      "geo": null,
      "coordinates": null,
      "place": null,
      "contributors": null,
      "is_quote_status": false,
      "retweet_count": 1,
      "favorite_count": 9,
      "favorited": false,
      "retweeted": false,
      "lang": "en"
    },
    "is_quote_status": false,
    "retweet_count": 1,
    "favorite_count": 0,
    "favorited": false,
    "retweeted": false,
    "lang": "en"
  },
  {
    "created_at": "Fri Mar 09 00:16:56 +0000 2018",
    "id": 971902619101823000,
    "id_str": "971902619101822976",
    "text": "@JodeF7 We always have the ruffwear pawsome gear especially for our type. Glad you like the harness. #woof",
    "truncated": false,
    "entities": {
      "hashtags": [
        {
          "text": "woof",
          "indices": [
            101,
            106
          ]
        }
      ],
      "symbols": [],
      "user_mentions": [
        {
          "screen_name": "JodeF7",
          "name": "Jody & Alfie dog 🐾",
          "id": 3023740990,
          "id_str": "3023740990",
          "indices": [
            0,
            7
          ]
        }
      ],
      "urls": []
    },
    "metadata": {
      "iso_language_code": "en",
      "result_type": "recent"
    },
    "source": "<a href=\"http://twitter.com/download/android\" rel=\"nofollow\">Twitter for Android</a>",
    "in_reply_to_status_id": 971896922758934500,
    "in_reply_to_status_id_str": "971896922758934528",
    "in_reply_to_user_id": 3023740990,
    "in_reply_to_user_id_str": "3023740990",
    "in_reply_to_screen_name": "JodeF7",
    "user": {
      "id": 776398728555102200,
      "id_str": "776398728555102208",
      "name": "Dogs On Adventure",
      "screen_name": "DogsAdventure",
      "location": "in a tent helping people ",
      "description": "4year old #staffie an crazy #springer loves the outdoors helping people to #GetOutside for free. product tester for @GearDoctors and @cos_2be",
      "url": null,
      "entities": {
        "description": {
          "urls": []
        }
      },
      "protected": false,
      "followers_count": 1440,
      "friends_count": 409,
      "listed_count": 59,
      "created_at": "Thu Sep 15 12:34:16 +0000 2016",
      "favourites_count": 14684,
      "utc_offset": null,
      "time_zone": null,
      "geo_enabled": false,
      "verified": false,
      "statuses_count": 14141,
      "lang": "en",
      "contributors_enabled": false,
      "is_translator": false,
      "is_translation_enabled": false,
      "profile_background_color": "F5F8FA",
      "profile_background_image_url": null,
      "profile_background_image_url_https": null,
      "profile_background_tile": false,
      "profile_image_url": "http://pbs.twimg.com/profile_images/962080344332750848/Wq6Nj2UM_normal.jpg",
      "profile_image_url_https": "https://pbs.twimg.com/profile_images/962080344332750848/Wq6Nj2UM_normal.jpg",
      "profile_banner_url": "https://pbs.twimg.com/profile_banners/776398728555102208/1500969811",
      "profile_link_color": "1DA1F2",
      "profile_sidebar_border_color": "C0DEED",
      "profile_sidebar_fill_color": "DDEEF6",
      "profile_text_color": "333333",
      "profile_use_background_image": true,
      "has_extended_profile": true,
      "default_profile": true,
      "default_profile_image": false,
      "following": null,
      "follow_request_sent": null,
      "notifications": null,
      "translator_type": "none"
    },
    "geo": null,
    "coordinates": null,
    "place": null,
    "contributors": null,
    "is_quote_status": false,
    "retweet_count": 0,
    "favorite_count": 0,
    "favorited": false,
    "retweeted": false,
    "lang": "en"
  },
  {
    "created_at": "Fri Mar 09 00:15:48 +0000 2018",
    "id": 971902337135579100,
    "id_str": "971902337135579136",
    "text": "@Taeslave ESCUCHAME FUERA DE COÑAS IMAGINATE UN DUETO CON LAS VOCES TAN SUAVES Y BONITAS QUE TIENEN ME DA ALGO pega… https://t.co/GtafvAS1iL",
    "truncated": true,
    "entities": {
      "hashtags": [],
      "symbols": [],
      "user_mentions": [
        {
          "screen_name": "Taeslave",
          "name": "#HappyTaeyeonDay ♡ D-3",
          "id": 348695056,
          "id_str": "348695056",
          "indices": [
            0,
            9
          ]
        }
      ],
      "urls": [
        {
          "url": "https://t.co/GtafvAS1iL",
          "expanded_url": "https://twitter.com/i/web/status/971902337135579136",
          "display_url": "twitter.com/i/web/status/9…",
          "indices": [
            117,
            140
          ]
        }
      ]
    },
    "metadata": {
      "iso_language_code": "es",
      "result_type": "recent"
    },
    "source": "<a href=\"http://twitter.com/download/android\" rel=\"nofollow\">Twitter for Android</a>",
    "in_reply_to_status_id": 971901961384661000,
    "in_reply_to_status_id_str": "971901961384660992",
    "in_reply_to_user_id": 348695056,
    "in_reply_to_user_id_str": "348695056",
    "in_reply_to_screen_name": "Taeslave",
    "user": {
      "id": 3017224504,
      "id_str": "3017224504",
      "name": "Taru 🐥💚 Actress Joy! 💚",
      "screen_name": "Tarugo_woof",
      "location": "Inside Wendy's oven",
      "description": "✨Oh GIRL come and light me up~✨\n// 【S♡NE | KTY ♫ JOYFUL REVELUV ♪ MooMoo ♫ Shawol | 5 stars, one shines in the sky ♪ Amaia Romero】 \n🌈[L]GTB🌈🐥🐻🐢🐰🐹🌈",
      "url": null,
      "entities": {
        "description": {
          "urls": []
        }
      },
      "protected": false,
      "followers_count": 926,
      "friends_count": 479,
      "listed_count": 25,
      "created_at": "Wed Feb 04 11:18:03 +0000 2015",
      "favourites_count": 118285,
      "utc_offset": -28800,
      "time_zone": "Pacific Time (US & Canada)",
      "geo_enabled": false,
      "verified": false,
      "statuses_count": 153606,
      "lang": "es",
      "contributors_enabled": false,
      "is_translator": false,
      "is_translation_enabled": false,
      "profile_background_color": "88D8C0",
      "profile_background_image_url": "http://pbs.twimg.com/profile_background_images/582516931078406144/qXWvriP_.jpg",
      "profile_background_image_url_https": "https://pbs.twimg.com/profile_background_images/582516931078406144/qXWvriP_.jpg",
      "profile_background_tile": true,
      "profile_image_url": "http://pbs.twimg.com/profile_images/943283710346104833/f5XIyq2X_normal.jpg",
      "profile_image_url_https": "https://pbs.twimg.com/profile_images/943283710346104833/f5XIyq2X_normal.jpg",
      "profile_banner_url": "https://pbs.twimg.com/profile_banners/3017224504/1513723934",
      "profile_link_color": "88D8C0",
      "profile_sidebar_border_color": "000000",
      "profile_sidebar_fill_color": "000000",
      "profile_text_color": "000000",
      "profile_use_background_image": true,
      "has_extended_profile": true,
      "default_profile": false,
      "default_profile_image": false,
      "following": null,
      "follow_request_sent": null,
      "notifications": null,
      "translator_type": "none"
    },
    "geo": null,
    "coordinates": null,
    "place": null,
    "contributors": null,
    "is_quote_status": false,
    "retweet_count": 0,
    "favorite_count": 0,
    "favorited": false,
    "retweeted": false,
    "lang": "es"
  },
  {
    "created_at": "Fri Mar 09 00:15:44 +0000 2018",
    "id": 971902320446390300,
    "id_str": "971902320446390272",
    "text": "RT @minhorolls: ✧･ﾟ:*I WOOF YOU*:･ﾟ✧\n#StrayKidsStanSelcaDay\n#StrayKidsSelcaDay https://t.co/3dOFXklL5L",
    "truncated": false,
    "entities": {
      "hashtags": [
        {
          "text": "StrayKidsStanSelcaDay",
          "indices": [
            37,
            59
          ]
        },
        {
          "text": "StrayKidsSelcaDay",
          "indices": [
            60,
            78
          ]
        }
      ],
      "symbols": [],
      "user_mentions": [
        {
          "screen_name": "minhorolls",
          "name": "I am NOT gen",
          "id": 956521794718109700,
          "id_str": "956521794718109697",
          "indices": [
            3,
            14
          ]
        }
      ],
      "urls": [],
      "media": [
        {
          "id": 971882155147116500,
          "id_str": "971882155147116544",
          "indices": [
            79,
            102
          ],
          "media_url": "http://pbs.twimg.com/media/DXzRq70VwAAzkza.jpg",
          "media_url_https": "https://pbs.twimg.com/media/DXzRq70VwAAzkza.jpg",
          "url": "https://t.co/3dOFXklL5L",
          "display_url": "pic.twitter.com/3dOFXklL5L",
          "expanded_url": "https://twitter.com/minhorolls/status/971882238366318593/photo/1",
          "type": "photo",
          "sizes": {
            "thumb": {
              "w": 150,
              "h": 150,
              "resize": "crop"
            },
            "medium": {
              "w": 687,
              "h": 688,
              "resize": "fit"
            },
            "small": {
              "w": 679,
              "h": 680,
              "resize": "fit"
            },
            "large": {
              "w": 687,
              "h": 688,
              "resize": "fit"
            }
          },
          "source_status_id": 971882238366318600,
          "source_status_id_str": "971882238366318593",
          "source_user_id": 956521794718109700,
          "source_user_id_str": "956521794718109697"
        }
      ]
    },
    "extended_entities": {
      "media": [
        {
          "id": 971882155147116500,
          "id_str": "971882155147116544",
          "indices": [
            79,
            102
          ],
          "media_url": "http://pbs.twimg.com/media/DXzRq70VwAAzkza.jpg",
          "media_url_https": "https://pbs.twimg.com/media/DXzRq70VwAAzkza.jpg",
          "url": "https://t.co/3dOFXklL5L",
          "display_url": "pic.twitter.com/3dOFXklL5L",
          "expanded_url": "https://twitter.com/minhorolls/status/971882238366318593/photo/1",
          "type": "photo",
          "sizes": {
            "thumb": {
              "w": 150,
              "h": 150,
              "resize": "crop"
            },
            "medium": {
              "w": 687,
              "h": 688,
              "resize": "fit"
            },
            "small": {
              "w": 679,
              "h": 680,
              "resize": "fit"
            },
            "large": {
              "w": 687,
              "h": 688,
              "resize": "fit"
            }
          },
          "source_status_id": 971882238366318600,
          "source_status_id_str": "971882238366318593",
          "source_user_id": 956521794718109700,
          "source_user_id_str": "956521794718109697"
        },
        {
          "id": 971882204673355800,
          "id_str": "971882204673355776",
          "indices": [
            79,
            102
          ],
          "media_url": "http://pbs.twimg.com/media/DXzRt0UUMAAiv1h.jpg",
          "media_url_https": "https://pbs.twimg.com/media/DXzRt0UUMAAiv1h.jpg",
          "url": "https://t.co/3dOFXklL5L",
          "display_url": "pic.twitter.com/3dOFXklL5L",
          "expanded_url": "https://twitter.com/minhorolls/status/971882238366318593/photo/1",
          "type": "photo",
          "sizes": {
            "small": {
              "w": 397,
              "h": 244,
              "resize": "fit"
            },
            "thumb": {
              "w": 150,
              "h": 150,
              "resize": "crop"
            },
            "medium": {
              "w": 397,
              "h": 244,
              "resize": "fit"
            },
            "large": {
              "w": 397,
              "h": 244,
              "resize": "fit"
            }
          },
          "source_status_id": 971882238366318600,
          "source_status_id_str": "971882238366318593",
          "source_user_id": 956521794718109700,
          "source_user_id_str": "956521794718109697"
        },
        {
          "id": 971882218472616000,
          "id_str": "971882218472615936",
          "indices": [
            79,
            102
          ],
          "media_url": "http://pbs.twimg.com/media/DXzRunuUMAAKVmJ.jpg",
          "media_url_https": "https://pbs.twimg.com/media/DXzRunuUMAAKVmJ.jpg",
          "url": "https://t.co/3dOFXklL5L",
          "display_url": "pic.twitter.com/3dOFXklL5L",
          "expanded_url": "https://twitter.com/minhorolls/status/971882238366318593/photo/1",
          "type": "photo",
          "sizes": {
            "thumb": {
              "w": 150,
              "h": 150,
              "resize": "crop"
            },
            "large": {
              "w": 404,
              "h": 249,
              "resize": "fit"
            },
            "small": {
              "w": 404,
              "h": 249,
              "resize": "fit"
            },
            "medium": {
              "w": 404,
              "h": 249,
              "resize": "fit"
            }
          },
          "source_status_id": 971882238366318600,
          "source_status_id_str": "971882238366318593",
          "source_user_id": 956521794718109700,
          "source_user_id_str": "956521794718109697"
        },
        {
          "id": 971882221505138700,
          "id_str": "971882221505138688",
          "indices": [
            79,
            102
          ],
          "media_url": "http://pbs.twimg.com/media/DXzRuzBU0AAsnJ9.jpg",
          "media_url_https": "https://pbs.twimg.com/media/DXzRuzBU0AAsnJ9.jpg",
          "url": "https://t.co/3dOFXklL5L",
          "display_url": "pic.twitter.com/3dOFXklL5L",
          "expanded_url": "https://twitter.com/minhorolls/status/971882238366318593/photo/1",
          "type": "photo",
          "sizes": {
            "medium": {
              "w": 668,
              "h": 670,
              "resize": "fit"
            },
            "thumb": {
              "w": 150,
              "h": 150,
              "resize": "crop"
            },
            "large": {
              "w": 668,
              "h": 670,
              "resize": "fit"
            },
            "small": {
              "w": 668,
              "h": 670,
              "resize": "fit"
            }
          },
          "source_status_id": 971882238366318600,
          "source_status_id_str": "971882238366318593",
          "source_user_id": 956521794718109700,
          "source_user_id_str": "956521794718109697"
        }
      ]
    },
    "metadata": {
      "iso_language_code": "ja",
      "result_type": "recent"
    },
    "source": "<a href=\"http://twitter.com/download/android\" rel=\"nofollow\">Twitter for Android</a>",
    "in_reply_to_status_id": null,
    "in_reply_to_status_id_str": null,
    "in_reply_to_user_id": null,
    "in_reply_to_user_id_str": null,
    "in_reply_to_screen_name": null,
    "user": {
      "id": 729566995717312500,
      "id_str": "729566995717312512",
      "name": "flo ♡ taeyeon, haknyeon, hwall || sksd 📍",
      "screen_name": "imchangkyuns_",
      "location": "181114 ♡",
      "description": "༉‧₊˚✧ monsta x || stray kids || oh my girl || boystory ༉‧₊˚✧",
      "url": null,
      "entities": {
        "description": {
          "urls": []
        }
      },
      "protected": false,
      "followers_count": 953,
      "friends_count": 575,
      "listed_count": 6,
      "created_at": "Mon May 09 07:01:41 +0000 2016",
      "favourites_count": 24723,
      "utc_offset": null,
      "time_zone": null,
      "geo_enabled": true,
      "verified": false,
      "statuses_count": 47382,
      "lang": "en",
      "contributors_enabled": false,
      "is_translator": false,
      "is_translation_enabled": false,
      "profile_background_color": "F5F8FA",
      "profile_background_image_url": null,
      "profile_background_image_url_https": null,
      "profile_background_tile": false,
      "profile_image_url": "http://pbs.twimg.com/profile_images/971564163645362177/KD5DHZsB_normal.jpg",
      "profile_image_url_https": "https://pbs.twimg.com/profile_images/971564163645362177/KD5DHZsB_normal.jpg",
      "profile_banner_url": "https://pbs.twimg.com/profile_banners/729566995717312512/1520473967",
      "profile_link_color": "1DA1F2",
      "profile_sidebar_border_color": "C0DEED",
      "profile_sidebar_fill_color": "DDEEF6",
      "profile_text_color": "333333",
      "profile_use_background_image": true,
      "has_extended_profile": false,
      "default_profile": true,
      "default_profile_image": false,
      "following": null,
      "follow_request_sent": null,
      "notifications": null,
      "translator_type": "none"
    },
    "geo": null,
    "coordinates": null,
    "place": null,
    "contributors": null,
    "retweeted_status": {
      "created_at": "Thu Mar 08 22:55:56 +0000 2018",
      "id": 971882238366318600,
      "id_str": "971882238366318593",
      "text": "✧･ﾟ:*I WOOF YOU*:･ﾟ✧\n#StrayKidsStanSelcaDay\n#StrayKidsSelcaDay https://t.co/3dOFXklL5L",
      "truncated": false,
      "entities": {
        "hashtags": [
          {
            "text": "StrayKidsStanSelcaDay",
            "indices": [
              21,
              43
            ]
          },
          {
            "text": "StrayKidsSelcaDay",
            "indices": [
              44,
              62
            ]
          }
        ],
        "symbols": [],
        "user_mentions": [],
        "urls": [],
        "media": [
          {
            "id": 971882155147116500,
            "id_str": "971882155147116544",
            "indices": [
              63,
              86
            ],
            "media_url": "http://pbs.twimg.com/media/DXzRq70VwAAzkza.jpg",
            "media_url_https": "https://pbs.twimg.com/media/DXzRq70VwAAzkza.jpg",
            "url": "https://t.co/3dOFXklL5L",
            "display_url": "pic.twitter.com/3dOFXklL5L",
            "expanded_url": "https://twitter.com/minhorolls/status/971882238366318593/photo/1",
            "type": "photo",
            "sizes": {
              "thumb": {
                "w": 150,
                "h": 150,
                "resize": "crop"
              },
              "medium": {
                "w": 687,
                "h": 688,
                "resize": "fit"
              },
              "small": {
                "w": 679,
                "h": 680,
                "resize": "fit"
              },
              "large": {
                "w": 687,
                "h": 688,
                "resize": "fit"
              }
            }
          }
        ]
      },
      "extended_entities": {
        "media": [
          {
            "id": 971882155147116500,
            "id_str": "971882155147116544",
            "indices": [
              63,
              86
            ],
            "media_url": "http://pbs.twimg.com/media/DXzRq70VwAAzkza.jpg",
            "media_url_https": "https://pbs.twimg.com/media/DXzRq70VwAAzkza.jpg",
            "url": "https://t.co/3dOFXklL5L",
            "display_url": "pic.twitter.com/3dOFXklL5L",
            "expanded_url": "https://twitter.com/minhorolls/status/971882238366318593/photo/1",
            "type": "photo",
            "sizes": {
              "thumb": {
                "w": 150,
                "h": 150,
                "resize": "crop"
              },
              "medium": {
                "w": 687,
                "h": 688,
                "resize": "fit"
              },
              "small": {
                "w": 679,
                "h": 680,
                "resize": "fit"
              },
              "large": {
                "w": 687,
                "h": 688,
                "resize": "fit"
              }
            }
          },
          {
            "id": 971882204673355800,
            "id_str": "971882204673355776",
            "indices": [
              63,
              86
            ],
            "media_url": "http://pbs.twimg.com/media/DXzRt0UUMAAiv1h.jpg",
            "media_url_https": "https://pbs.twimg.com/media/DXzRt0UUMAAiv1h.jpg",
            "url": "https://t.co/3dOFXklL5L",
            "display_url": "pic.twitter.com/3dOFXklL5L",
            "expanded_url": "https://twitter.com/minhorolls/status/971882238366318593/photo/1",
            "type": "photo",
            "sizes": {
              "small": {
                "w": 397,
                "h": 244,
                "resize": "fit"
              },
              "thumb": {
                "w": 150,
                "h": 150,
                "resize": "crop"
              },
              "medium": {
                "w": 397,
                "h": 244,
                "resize": "fit"
              },
              "large": {
                "w": 397,
                "h": 244,
                "resize": "fit"
              }
            }
          },
          {
            "id": 971882218472616000,
            "id_str": "971882218472615936",
            "indices": [
              63,
              86
            ],
            "media_url": "http://pbs.twimg.com/media/DXzRunuUMAAKVmJ.jpg",
            "media_url_https": "https://pbs.twimg.com/media/DXzRunuUMAAKVmJ.jpg",
            "url": "https://t.co/3dOFXklL5L",
            "display_url": "pic.twitter.com/3dOFXklL5L",
            "expanded_url": "https://twitter.com/minhorolls/status/971882238366318593/photo/1",
            "type": "photo",
            "sizes": {
              "thumb": {
                "w": 150,
                "h": 150,
                "resize": "crop"
              },
              "large": {
                "w": 404,
                "h": 249,
                "resize": "fit"
              },
              "small": {
                "w": 404,
                "h": 249,
                "resize": "fit"
              },
              "medium": {
                "w": 404,
                "h": 249,
                "resize": "fit"
              }
            }
          },
          {
            "id": 971882221505138700,
            "id_str": "971882221505138688",
            "indices": [
              63,
              86
            ],
            "media_url": "http://pbs.twimg.com/media/DXzRuzBU0AAsnJ9.jpg",
            "media_url_https": "https://pbs.twimg.com/media/DXzRuzBU0AAsnJ9.jpg",
            "url": "https://t.co/3dOFXklL5L",
            "display_url": "pic.twitter.com/3dOFXklL5L",
            "expanded_url": "https://twitter.com/minhorolls/status/971882238366318593/photo/1",
            "type": "photo",
            "sizes": {
              "medium": {
                "w": 668,
                "h": 670,
                "resize": "fit"
              },
              "thumb": {
                "w": 150,
                "h": 150,
                "resize": "crop"
              },
              "large": {
                "w": 668,
                "h": 670,
                "resize": "fit"
              },
              "small": {
                "w": 668,
                "h": 670,
                "resize": "fit"
              }
            }
          }
        ]
      },
      "metadata": {
        "iso_language_code": "ja",
        "result_type": "recent"
      },
      "source": "<a href=\"http://twitter.com/download/android\" rel=\"nofollow\">Twitter for Android</a>",
      "in_reply_to_status_id": null,
      "in_reply_to_status_id_str": null,
      "in_reply_to_user_id": null,
      "in_reply_to_user_id_str": null,
      "in_reply_to_screen_name": null,
      "user": {
        "id": 956521794718109700,
        "id_str": "956521794718109697",
        "name": "I am NOT gen",
        "screen_name": "minhorolls",
        "location": "chans dimple",
        "description": "gen is a meme inhaler and memeho lover \n*✧･ﾟ:*(*❦ω❦)*:･ﾟ✧*:･ﾟ",
        "url": "https://t.co/WHFzWXzKlZ",
        "entities": {
          "url": {
            "urls": [
              {
                "url": "https://t.co/WHFzWXzKlZ",
                "expanded_url": "https://curiouscat.me/jisungflakes",
                "display_url": "curiouscat.me/jisungflakes",
                "indices": [
                  0,
                  23
                ]
              }
            ]
          },
          "description": {
            "urls": []
          }
        },
        "protected": false,
        "followers_count": 162,
        "friends_count": 86,
        "listed_count": 6,
        "created_at": "Thu Jan 25 13:39:02 +0000 2018",
        "favourites_count": 971,
        "utc_offset": null,
        "time_zone": null,
        "geo_enabled": false,
        "verified": false,
        "statuses_count": 1878,
        "lang": "en",
        "contributors_enabled": false,
        "is_translator": false,
        "is_translation_enabled": false,
        "profile_background_color": "F5F8FA",
        "profile_background_image_url": null,
        "profile_background_image_url_https": null,
        "profile_background_tile": false,
        "profile_image_url": "http://pbs.twimg.com/profile_images/970695180604116992/c8JvVwlX_normal.jpg",
        "profile_image_url_https": "https://pbs.twimg.com/profile_images/970695180604116992/c8JvVwlX_normal.jpg",
        "profile_banner_url": "https://pbs.twimg.com/profile_banners/956521794718109697/1520266673",
        "profile_link_color": "1DA1F2",
        "profile_sidebar_border_color": "C0DEED",
        "profile_sidebar_fill_color": "DDEEF6",
        "profile_text_color": "333333",
        "profile_use_background_image": true,
        "has_extended_profile": true,
        "default_profile": true,
        "default_profile_image": false,
        "following": null,
        "follow_request_sent": null,
        "notifications": null,
        "translator_type": "none"
      },
      "geo": null,
      "coordinates": null,
      "place": null,
      "contributors": null,
      "is_quote_status": false,
      "retweet_count": 14,
      "favorite_count": 41,
      "favorited": false,
      "retweeted": false,
      "possibly_sensitive": false,
      "lang": "ja"
    },
    "is_quote_status": false,
    "retweet_count": 14,
    "favorite_count": 0,
    "favorited": false,
    "retweeted": false,
    "possibly_sensitive": false,
    "lang": "ja"
  },
  {
    "created_at": "Fri Mar 09 00:15:31 +0000 2018",
    "id": 971902265928888300,
    "id_str": "971902265928888321",
    "text": "@NinePath @tisBearing @RationalDis @Music_Man_Mike @kflogan woof. I'm an anarchist, not a marxist.",
    "truncated": false,
    "entities": {
      "hashtags": [],
      "symbols": [],
      "user_mentions": [
        {
          "screen_name": "NinePath",
          "name": "Nine Path",
          "id": 788900628785487900,
          "id_str": "788900628785487872",
          "indices": [
            0,
            9
          ]
        },
        {
          "screen_name": "tisBearing",
          "name": "TisBearing",
          "id": 936987565386641400,
          "id_str": "936987565386641408",
          "indices": [
            10,
            21
          ]
        },
        {
          "screen_name": "RationalDis",
          "name": "Rational Disconnect",
          "id": 814282091571642400,
          "id_str": "814282091571642368",
          "indices": [
            22,
            34
          ]
        },
        {
          "screen_name": "Music_Man_Mike",
          "name": "Official Dishonest Intellectual of the Left",
          "id": 2325082608,
          "id_str": "2325082608",
          "indices": [
            35,
            50
          ]
        },
        {
          "screen_name": "kflogan",
          "name": "Kevin Logan",
          "id": 60895033,
          "id_str": "60895033",
          "indices": [
            51,
            59
          ]
        }
      ],
      "urls": []
    },
    "metadata": {
      "iso_language_code": "en",
      "result_type": "recent"
    },
    "source": "<a href=\"http://twitter.com\" rel=\"nofollow\">Twitter Web Client</a>",
    "in_reply_to_status_id": 971901472001744900,
    "in_reply_to_status_id_str": "971901472001744896",
    "in_reply_to_user_id": 788900628785487900,
    "in_reply_to_user_id_str": "788900628785487872",
    "in_reply_to_screen_name": "NinePath",
    "user": {
      "id": 2601617044,
      "id_str": "2601617044",
      "name": "Erin // i want my phone back",
      "screen_name": "Erydactyl",
      "location": "North West, England",
      "description": "a neanderthal regressive leftist apparently  she/her\n\nhttps://t.co/hPRdOw8xc7",
      "url": "https://t.co/460zw4HxNH",
      "entities": {
        "url": {
          "urls": [
            {
              "url": "https://t.co/460zw4HxNH",
              "expanded_url": "http://erydactyl.gq",
              "display_url": "erydactyl.gq",
              "indices": [
                0,
                23
              ]
            }
          ]
        },
        "description": {
          "urls": [
            {
              "url": "https://t.co/hPRdOw8xc7",
              "expanded_url": "http://curiouscat.me/erydactyl",
              "display_url": "curiouscat.me/erydactyl",
              "indices": [
                54,
                77
              ]
            }
          ]
        }
      },
      "protected": false,
      "followers_count": 640,
      "friends_count": 853,
      "listed_count": 7,
      "created_at": "Wed Jun 11 17:15:33 +0000 2014",
      "favourites_count": 24452,
      "utc_offset": 0,
      "time_zone": "London",
      "geo_enabled": true,
      "verified": false,
      "statuses_count": 17559,
      "lang": "en",
      "contributors_enabled": false,
      "is_translator": false,
      "is_translation_enabled": false,
      "profile_background_color": "000000",
      "profile_background_image_url": "http://abs.twimg.com/images/themes/theme1/bg.png",
      "profile_background_image_url_https": "https://abs.twimg.com/images/themes/theme1/bg.png",
      "profile_background_tile": false,
      "profile_image_url": "http://pbs.twimg.com/profile_images/955667866447237122/dxrLMc0O_normal.jpg",
      "profile_image_url_https": "https://pbs.twimg.com/profile_images/955667866447237122/dxrLMc0O_normal.jpg",
      "profile_banner_url": "https://pbs.twimg.com/profile_banners/2601617044/1516068048",
      "profile_link_color": "981CEB",
      "profile_sidebar_border_color": "000000",
      "profile_sidebar_fill_color": "000000",
      "profile_text_color": "000000",
      "profile_use_background_image": false,
      "has_extended_profile": true,
      "default_profile": false,
      "default_profile_image": false,
      "following": null,
      "follow_request_sent": null,
      "notifications": null,
      "translator_type": "none"
    },
    "geo": null,
    "coordinates": null,
    "place": null,
    "contributors": null,
    "is_quote_status": false,
    "retweet_count": 0,
    "favorite_count": 0,
    "favorited": false,
    "retweeted": false,
    "lang": "en"
  },
  {
    "created_at": "Fri Mar 09 00:15:22 +0000 2018",
    "id": 971902226070294500,
    "id_str": "971902226070294528",
    "text": "@xychelsea @RileyJayDennis Wrong. Woof!",
    "truncated": false,
    "entities": {
      "hashtags": [],
      "symbols": [],
      "user_mentions": [
        {
          "screen_name": "xychelsea",
          "name": "Chelsea E. Manning",
          "id": 1694040764,
          "id_str": "1694040764",
          "indices": [
            0,
            10
          ]
        },
        {
          "screen_name": "RileyJayDennis",
          "name": "Riley J. Dennis",
          "id": 209699254,
          "id_str": "209699254",
          "indices": [
            11,
            26
          ]
        }
      ],
      "urls": []
    },
    "metadata": {
      "iso_language_code": "en",
      "result_type": "recent"
    },
    "source": "<a href=\"http://twitter.com/download/android\" rel=\"nofollow\">Twitter for Android</a>",
    "in_reply_to_status_id": 969254388941410300,
    "in_reply_to_status_id_str": "969254388941410304",
    "in_reply_to_user_id": 1694040764,
    "in_reply_to_user_id_str": "1694040764",
    "in_reply_to_screen_name": "xychelsea",
    "user": {
      "id": 951585448207384600,
      "id_str": "951585448207384576",
      "name": "Wally the Iggy",
      "screen_name": "WallytheIggy",
      "location": "Townsville, Queensland",
      "description": "",
      "url": null,
      "entities": {
        "description": {
          "urls": []
        }
      },
      "protected": false,
      "followers_count": 4,
      "friends_count": 29,
      "listed_count": 0,
      "created_at": "Thu Jan 11 22:43:45 +0000 2018",
      "favourites_count": 281,
      "utc_offset": null,
      "time_zone": null,
      "geo_enabled": false,
      "verified": false,
      "statuses_count": 59,
      "lang": "en",
      "contributors_enabled": false,
      "is_translator": false,
      "is_translation_enabled": false,
      "profile_background_color": "F5F8FA",
      "profile_background_image_url": null,
      "profile_background_image_url_https": null,
      "profile_background_tile": false,
      "profile_image_url": "http://pbs.twimg.com/profile_images/951587283727085568/_Vi763nI_normal.jpg",
      "profile_image_url_https": "https://pbs.twimg.com/profile_images/951587283727085568/_Vi763nI_normal.jpg",
      "profile_banner_url": "https://pbs.twimg.com/profile_banners/951585448207384576/1515711061",
      "profile_link_color": "1DA1F2",
      "profile_sidebar_border_color": "C0DEED",
      "profile_sidebar_fill_color": "DDEEF6",
      "profile_text_color": "333333",
      "profile_use_background_image": true,
      "has_extended_profile": true,
      "default_profile": true,
      "default_profile_image": false,
      "following": null,
      "follow_request_sent": null,
      "notifications": null,
      "translator_type": "none"
    },
    "geo": null,
    "coordinates": null,
    "place": null,
    "contributors": null,
    "is_quote_status": false,
    "retweet_count": 0,
    "favorite_count": 0,
    "favorited": false,
    "retweeted": false,
    "lang": "en"
  },
  {
    "created_at": "Fri Mar 09 00:15:16 +0000 2018",
    "id": 971902202976485400,
    "id_str": "971902202976485376",
    "text": "【犬あるある】\n散歩の途中で動かなくなる　#犬　#散歩　#あるある https://t.co/x88IoUFpkF",
    "truncated": false,
    "entities": {
      "hashtags": [
        {
          "text": "犬",
          "indices": [
            21,
            23
          ]
        },
        {
          "text": "散歩",
          "indices": [
            24,
            27
          ]
        },
        {
          "text": "あるある",
          "indices": [
            28,
            33
          ]
        }
      ],
      "symbols": [],
      "user_mentions": [],
      "urls": [],
      "media": [
        {
          "id": 959786585599299600,
          "id_str": "959786585599299589",
          "indices": [
            34,
            57
          ],
          "media_url": "http://pbs.twimg.com/media/DVHY0H7U0AU-ukK.jpg",
          "media_url_https": "https://pbs.twimg.com/media/DVHY0H7U0AU-ukK.jpg",
          "url": "https://t.co/x88IoUFpkF",
          "display_url": "pic.twitter.com/x88IoUFpkF",
          "expanded_url": "https://twitter.com/woof_woof_dog/status/959786595132977152/photo/1",
          "type": "photo",
          "sizes": {
            "small": {
              "w": 640,
              "h": 480,
              "resize": "fit"
            },
            "thumb": {
              "w": 150,
              "h": 150,
              "resize": "crop"
            },
            "large": {
              "w": 640,
              "h": 480,
              "resize": "fit"
            },
            "medium": {
              "w": 640,
              "h": 480,
              "resize": "fit"
            }
          },
          "source_status_id": 959786595132977200,
          "source_status_id_str": "959786595132977152",
          "source_user_id": 939876096417316900,
          "source_user_id_str": "939876096417316864"
        }
      ]
    },
    "extended_entities": {
      "media": [
        {
          "id": 959786585599299600,
          "id_str": "959786585599299589",
          "indices": [
            34,
            57
          ],
          "media_url": "http://pbs.twimg.com/media/DVHY0H7U0AU-ukK.jpg",
          "media_url_https": "https://pbs.twimg.com/media/DVHY0H7U0AU-ukK.jpg",
          "url": "https://t.co/x88IoUFpkF",
          "display_url": "pic.twitter.com/x88IoUFpkF",
          "expanded_url": "https://twitter.com/woof_woof_dog/status/959786595132977152/photo/1",
          "type": "photo",
          "sizes": {
            "small": {
              "w": 640,
              "h": 480,
              "resize": "fit"
            },
            "thumb": {
              "w": 150,
              "h": 150,
              "resize": "crop"
            },
            "large": {
              "w": 640,
              "h": 480,
              "resize": "fit"
            },
            "medium": {
              "w": 640,
              "h": 480,
              "resize": "fit"
            }
          },
          "source_status_id": 959786595132977200,
          "source_status_id_str": "959786595132977152",
          "source_user_id": 939876096417316900,
          "source_user_id_str": "939876096417316864"
        }
      ]
    },
    "metadata": {
      "iso_language_code": "ja",
      "result_type": "recent"
    },
    "source": "<a href=\"http://twittbot.net/\" rel=\"nofollow\">twittbot.net</a>",
    "in_reply_to_status_id": null,
    "in_reply_to_status_id_str": null,
    "in_reply_to_user_id": null,
    "in_reply_to_user_id_str": null,
    "in_reply_to_screen_name": null,
    "user": {
      "id": 939876096417316900,
      "id_str": "939876096417316864",
      "name": "猫好き♪犬好き♪",
      "screen_name": "woof_woof_dog",
      "location": "",
      "description": "",
      "url": null,
      "entities": {
        "description": {
          "urls": []
        }
      },
      "protected": false,
      "followers_count": 4360,
      "friends_count": 119,
      "listed_count": 0,
      "created_at": "Sun Dec 10 15:14:58 +0000 2017",
      "favourites_count": 0,
      "utc_offset": null,
      "time_zone": null,
      "geo_enabled": false,
      "verified": false,
      "statuses_count": 507,
      "lang": "ja",
      "contributors_enabled": false,
      "is_translator": false,
      "is_translation_enabled": false,
      "profile_background_color": "000000",
      "profile_background_image_url": "http://abs.twimg.com/images/themes/theme1/bg.png",
      "profile_background_image_url_https": "https://abs.twimg.com/images/themes/theme1/bg.png",
      "profile_background_tile": false,
      "profile_image_url": "http://pbs.twimg.com/profile_images/939880986623467520/4jXRLkQ1_normal.jpg",
      "profile_image_url_https": "https://pbs.twimg.com/profile_images/939880986623467520/4jXRLkQ1_normal.jpg",
      "profile_banner_url": "https://pbs.twimg.com/profile_banners/939876096417316864/1512920093",
      "profile_link_color": "FAB81E",
      "profile_sidebar_border_color": "000000",
      "profile_sidebar_fill_color": "000000",
      "profile_text_color": "000000",
      "profile_use_background_image": false,
      "has_extended_profile": false,
      "default_profile": false,
      "default_profile_image": false,
      "following": null,
      "follow_request_sent": null,
      "notifications": null,
      "translator_type": "none"
    },
    "geo": null,
    "coordinates": null,
    "place": null,
    "contributors": null,
    "is_quote_status": false,
    "retweet_count": 0,
    "favorite_count": 0,
    "favorited": false,
    "retweeted": false,
    "possibly_sensitive": false,
    "lang": "ja"
  }
]